{
  "IcoMoonType": "selection",
  "icons": [
    {
      "icon": {
        "paths": [
          "M170.496 409.6l341.504 204.8 512-307.2-512-307.2-512 307.2h512v102.4h-341.504zM0 409.6v409.6l102.4-113.664v-234.496l-102.4-61.44zM512 1024l-358.4-215.040v-307.2l358.4 215.040 358.4-215.040v307.2l-358.4 215.040z"
        ],
        "attrs": [
          {}
        ],
        "isMulticolor": false,
        "isMulticolor2": false,
        "tags": [
          "education"
        ],
        "grid": 20
      },
      "attrs": [
        {}
      ],
      "properties": {
        "order": 1,
        "id": 0,
        "prevSize": 20,
        "name": "education"
      },
      "setIdx": 0,
      "setId": 2,
      "iconIdx": 0
    },
    {
      "icon": {
        "paths": [
          "M0 1024c128-384 463-1024 1024-1024-263 211-384 704-576 704s-192 0-192 0l-192 320h-64z"
        ],
        "tags": [
          "quill",
          "feather",
          "write",
          "edit"
        ],
        "defaultCode": 59655,
        "grid": 16,
        "attrs": []
      },
      "attrs": [],
      "properties": {
        "ligatures": "quill, feather",
        "name": "quill",
        "order": 9,
        "id": 8,
        "prevSize": 32
      },
      "setIdx": 1,
      "setId": 1,
      "iconIdx": 7
    },
    {
      "icon": {
        "paths": [
          "M896 128v832h-672c-53.026 0-96-42.98-96-96s42.974-96 96-96h608v-768h-640c-70.398 0-128 57.6-128 128v768c0 70.4 57.602 128 128 128h768v-896h-64z",
          "M224.056 832v0c-0.018 0.002-0.038 0-0.056 0-17.672 0-32 14.326-32 32s14.328 32 32 32c0.018 0 0.038-0.002 0.056-0.002v0.002h607.89v-64h-607.89z"
        ],
        "tags": [
          "book",
          "read",
          "reading"
        ],
        "defaultCode": 59679,
        "grid": 16,
        "attrs": []
      },
      "attrs": [],
      "properties": {
        "ligatures": "book, read",
        "name": "book",
        "order": 11,
        "id": 32,
        "prevSize": 32
      },
      "setIdx": 1,
      "setId": 1,
      "iconIdx": 31
    },
    {
      "icon": {
        "width": 1088,
        "paths": [
          "M1024 960v-64h-64v-384h64v-64h-192v64h64v384h-192v-384h64v-64h-192v64h64v384h-192v-384h64v-64h-192v64h64v384h-192v-384h64v-64h-192v64h64v384h-64v64h-64v64h1088v-64h-64z",
          "M512 0h64l512 320v64h-1088v-64l512-320z"
        ],
        "tags": [
          "library",
          "bank",
          "building"
        ],
        "defaultCode": 59681,
        "grid": 16,
        "attrs": []
      },
      "attrs": [],
      "properties": {
        "ligatures": "library2, bank",
        "name": "library",
        "order": 10,
        "id": 34,
        "prevSize": 32
      },
      "setIdx": 1,
      "setId": 1,
      "iconIdx": 33
    },
    {
      "icon": {
        "paths": [
          "M704 640c-64 64-64 128-128 128s-128-64-192-128-128-128-128-192 64-64 128-128-128-256-192-256-192 192-192 192c0 128 131.5 387.5 256 512s384 256 512 256c0 0 192-128 192-192s-192-256-256-192z"
        ],
        "tags": [
          "phone",
          "telephone",
          "contact",
          "support",
          "call"
        ],
        "defaultCode": 59714,
        "grid": 16,
        "attrs": []
      },
      "attrs": [],
      "properties": {
        "ligatures": "phone, telephone",
        "name": "phone",
        "order": 3,
        "id": 67,
        "prevSize": 32
      },
      "setIdx": 1,
      "setId": 1,
      "iconIdx": 66
    },
    {
      "icon": {
        "paths": [
          "M928 128h-832c-52.8 0-96 43.2-96 96v640c0 52.8 43.2 96 96 96h832c52.8 0 96-43.2 96-96v-640c0-52.8-43.2-96-96-96zM398.74 550.372l-270.74 210.892v-501.642l270.74 290.75zM176.38 256h671.24l-335.62 252-335.62-252zM409.288 561.698l102.712 110.302 102.71-110.302 210.554 270.302h-626.528l210.552-270.302zM625.26 550.372l270.74-290.75v501.642l-270.74-210.892z"
        ],
        "tags": [
          "envelop",
          "mail",
          "email",
          "contact",
          "letter"
        ],
        "defaultCode": 59717,
        "grid": 16,
        "attrs": []
      },
      "attrs": [],
      "properties": {
        "ligatures": "envelop, mail",
        "name": "envelop",
        "order": 4,
        "id": 70,
        "prevSize": 32
      },
      "setIdx": 1,
      "setId": 1,
      "iconIdx": 69
    },
    {
      "icon": {
        "paths": [
          "M512 0c-176.732 0-320 143.268-320 320 0 320 320 704 320 704s320-384 320-704c0-176.732-143.27-320-320-320zM512 516c-108.248 0-196-87.752-196-196s87.752-196 196-196 196 87.752 196 196-87.752 196-196 196zM388 320c0-68.483 55.517-124 124-124s124 55.517 124 124c0 68.483-55.517 124-124 124s-124-55.517-124-124z"
        ],
        "tags": [
          "location",
          "map-marker",
          "pin"
        ],
        "defaultCode": 59720,
        "grid": 16,
        "attrs": []
      },
      "attrs": [],
      "properties": {
        "ligatures": "location2, map-marker2",
        "name": "location2",
        "order": 5,
        "id": 73,
        "prevSize": 32
      },
      "setIdx": 1,
      "setId": 1,
      "iconIdx": 72
    },
    {
      "icon": {
        "paths": [
          "M933.79 610.25c-53.726-93.054-21.416-212.304 72.152-266.488l-100.626-174.292c-28.75 16.854-62.176 26.518-97.846 26.518-107.536 0-194.708-87.746-194.708-195.99h-201.258c0.266 33.41-8.074 67.282-25.958 98.252-53.724 93.056-173.156 124.702-266.862 70.758l-100.624 174.292c28.97 16.472 54.050 40.588 71.886 71.478 53.638 92.908 21.512 211.92-71.708 266.224l100.626 174.292c28.65-16.696 61.916-26.254 97.4-26.254 107.196 0 194.144 87.192 194.7 194.958h201.254c-0.086-33.074 8.272-66.57 25.966-97.218 53.636-92.906 172.776-124.594 266.414-71.012l100.626-174.29c-28.78-16.466-53.692-40.498-71.434-71.228zM512 719.332c-114.508 0-207.336-92.824-207.336-207.334 0-114.508 92.826-207.334 207.336-207.334 114.508 0 207.332 92.826 207.332 207.334-0.002 114.51-92.824 207.334-207.332 207.334z"
        ],
        "tags": [
          "cog",
          "gear",
          "preferences",
          "settings",
          "generate",
          "control",
          "options"
        ],
        "defaultCode": 59796,
        "grid": 16,
        "attrs": []
      },
      "attrs": [],
      "properties": {
        "ligatures": "cog, gear",
        "name": "cog",
        "order": 6,
        "id": 149,
        "prevSize": 32
      },
      "setIdx": 1,
      "setId": 1,
      "iconIdx": 148
    },
    {
      "icon": {
        "paths": [
          "M363.722 722.052l41.298-57.816-45.254-45.256-57.818 41.296c-10.722-5.994-22.204-10.774-34.266-14.192l-11.682-70.084h-64l-11.68 70.086c-12.062 3.418-23.544 8.198-34.266 14.192l-57.818-41.298-45.256 45.256 41.298 57.816c-5.994 10.72-10.774 22.206-14.192 34.266l-70.086 11.682v64l70.086 11.682c3.418 12.060 8.198 23.544 14.192 34.266l-41.298 57.816 45.254 45.256 57.818-41.296c10.722 5.994 22.204 10.774 34.266 14.192l11.682 70.084h64l11.68-70.086c12.062-3.418 23.544-8.198 34.266-14.192l57.818 41.296 45.254-45.256-41.298-57.816c5.994-10.72 10.774-22.206 14.192-34.266l70.088-11.68v-64l-70.086-11.682c-3.418-12.060-8.198-23.544-14.192-34.266zM224 864c-35.348 0-64-28.654-64-64s28.652-64 64-64 64 28.654 64 64-28.652 64-64 64zM1024 384v-64l-67.382-12.25c-1.242-8.046-2.832-15.978-4.724-23.79l57.558-37.1-24.492-59.128-66.944 14.468c-4.214-6.91-8.726-13.62-13.492-20.13l39.006-56.342-45.256-45.254-56.342 39.006c-6.512-4.766-13.22-9.276-20.13-13.494l14.468-66.944-59.128-24.494-37.1 57.558c-7.812-1.892-15.744-3.482-23.79-4.724l-12.252-67.382h-64l-12.252 67.382c-8.046 1.242-15.976 2.832-23.79 4.724l-37.098-57.558-59.128 24.492 14.468 66.944c-6.91 4.216-13.62 8.728-20.13 13.494l-56.342-39.006-45.254 45.254 39.006 56.342c-4.766 6.51-9.278 13.22-13.494 20.13l-66.944-14.468-24.492 59.128 57.558 37.1c-1.892 7.812-3.482 15.742-4.724 23.79l-67.384 12.252v64l67.382 12.25c1.242 8.046 2.832 15.978 4.724 23.79l-57.558 37.1 24.492 59.128 66.944-14.468c4.216 6.91 8.728 13.618 13.494 20.13l-39.006 56.342 45.254 45.256 56.342-39.006c6.51 4.766 13.22 9.276 20.13 13.492l-14.468 66.944 59.128 24.492 37.102-57.558c7.81 1.892 15.742 3.482 23.788 4.724l12.252 67.384h64l12.252-67.382c8.044-1.242 15.976-2.832 23.79-4.724l37.1 57.558 59.128-24.492-14.468-66.944c6.91-4.216 13.62-8.726 20.13-13.492l56.342 39.006 45.256-45.256-39.006-56.342c4.766-6.512 9.276-13.22 13.492-20.13l66.944 14.468 24.492-59.13-57.558-37.1c1.892-7.812 3.482-15.742 4.724-23.79l67.382-12.25zM672 491.2c-76.878 0-139.2-62.322-139.2-139.2s62.32-139.2 139.2-139.2 139.2 62.322 139.2 139.2c0 76.878-62.32 139.2-139.2 139.2z"
        ],
        "tags": [
          "cogs",
          "gears",
          "preferences",
          "settings",
          "generate",
          "control",
          "options"
        ],
        "defaultCode": 59797,
        "grid": 16,
        "attrs": []
      },
      "attrs": [],
      "properties": {
        "ligatures": "cogs, gears",
        "name": "cogs",
        "order": 7,
        "id": 150,
        "prevSize": 32
      },
      "setIdx": 1,
      "setId": 1,
      "iconIdx": 149
    },
    {
      "icon": {
        "paths": [
          "M960 256h-256v-64c0-35.2-28.8-64-64-64h-256c-35.204 0-64 28.8-64 64v64h-256c-35.2 0-64 28.8-64 64v576c0 35.202 28.796 64 64 64h896c35.2 0 64-28.798 64-64v-576c0-35.2-28.8-64-64-64zM384 192.116c0.034-0.040 0.074-0.082 0.114-0.116h255.772c0.042 0.034 0.082 0.076 0.118 0.116v63.884h-256.004v-63.884zM960 512h-128v96c0 17.602-14.4 32-32 32h-64c-17.604 0-32-14.398-32-32v-96h-384v96c0 17.602-14.4 32-32 32h-64c-17.602 0-32-14.398-32-32v-96h-128v-64h896v64z"
        ],
        "tags": [
          "briefcase",
          "portfolio",
          "suitcase",
          "work",
          "job",
          "employee"
        ],
        "defaultCode": 59822,
        "grid": 16,
        "attrs": []
      },
      "attrs": [],
      "properties": {
        "ligatures": "briefcase, portfolio",
        "name": "briefcase",
        "order": 8,
        "id": 175,
        "prevSize": 32
      },
      "setIdx": 1,
      "setId": 1,
      "iconIdx": 174
    }
  ],
  "height": 1024,
  "preferences": {
    "showGlyphs": true,
    "showQuickUse": true,
    "showQuickUse2": true,
    "showSVGs": true,
    "fontPref": {
      "prefix": "icon-",
      "metadata": {
        "fontFamily": "icomoon"
      },
      "metrics": {
        "emSize": 1024,
        "baseline": 6.25,
        "whitespace": 50
      },
      "embed": false
    },
    "imagePref": {
      "prefix": "icon-",
      "png": true,
      "useClassSelector": true,
      "color": 0,
      "bgColor": 16777215,
      "classSelector": ".icon",
      "name": "icomoon"
    },
    "historySize": 50,
    "showCodes": true,
    "gridSize": 16
  }
}